"patient_id","admit1","discharge1","admit2","discharge2"
1,"2025-09-16","2025-09-19","2025-08-11",NULL
2,"2025-07-07","2025-07-08","2024-11-06",NULL
2,"2023-11-09","2023-11-11","2023-03-12",NULL
2,"2023-11-09","2023-11-11","2021-08-18","2021-08-28"
2,"2025-07-07","2025-07-08","2023-03-12",NULL
8,"2022-11-04","2022-11-12","2022-08-09","2022-09-08"
8,"2023-07-06","2023-07-31","2022-08-09","2022-09-08"
8,"2023-07-06","2023-07-31","2022-11-04","2022-11-12"
11,"2024-08-11","2024-09-07","2024-02-26","2024-03-02"
11,"2024-08-11","2024-09-07","2022-04-06",NULL
14,"2024-01-07","2024-02-03","2022-02-10","2022-03-06"
14,"2024-12-01","2024-12-07","2022-02-10","2022-03-06"
14,"2025-08-28","2025-09-04","2022-02-10","2022-03-06"
15,"2024-12-25","2025-01-23","2023-12-19",NULL
15,"2024-12-25","2025-01-23","2022-05-17","2022-05-24"
17,"2025-09-11","2025-10-11","2024-01-31","2024-02-05"
17,"2025-09-11","2025-10-11","2023-04-09",NULL
17,"2025-08-23","2025-08-28","2023-11-30","2023-12-10"
17,"2025-08-23","2025-08-28","2022-07-13","2022-07-17"
17,"2025-08-23","2025-08-28","2024-01-31","2024-02-05"
17,"2025-08-23","2025-08-28","2023-04-09",NULL
17,"2023-11-30","2023-12-10","2022-07-13","2022-07-17"
17,"2024-01-31","2024-02-05","2023-04-09",NULL
17,"2025-09-11","2025-10-11","2025-08-23","2025-08-28"
17,"2025-09-11","2025-10-11","2023-11-30","2023-12-10"
17,"2025-09-11","2025-10-11","2022-07-13","2022-07-17"
17,"2023-11-30","2023-12-10","2023-04-09",NULL
22,"2023-12-23","2023-12-30","2022-01-08","2022-01-24"
22,"2023-11-20","2023-11-28","2022-01-08","2022-01-24"
22,"2024-02-03","2024-02-16","2022-01-08","2022-01-24"
23,"2022-10-15","2022-11-10","2022-01-04","2022-01-16"
24,"2022-07-23","2022-08-06","2021-12-11",NULL
24,"2023-01-30","2023-02-19","2021-12-11",NULL
24,"2023-01-30","2023-02-19","2022-10-02",NULL
26,"2024-03-20","2024-03-24","2022-05-28",NULL
26,"2024-03-10","2024-03-18","2022-05-28",NULL
33,"2024-01-29","2024-02-13","2023-07-30","2023-08-23"
34,"2024-01-03","2024-01-22","2023-06-25","2023-07-09"
34,"2024-01-03","2024-01-22","2022-02-13","2022-03-07"
37,"2024-04-26","2024-05-09","2022-07-25","2022-08-04"
38,"2024-02-27","2024-02-29","2023-09-10","2023-09-19"
39,"2025-05-20","2025-06-17","2021-01-13",NULL
39,"2022-02-16","2022-03-04","2021-01-13",NULL
41,"2025-01-14","2025-02-05","2021-09-17",NULL
44,"2023-03-16","2023-04-14","2022-05-23","2022-06-01"
46,"2025-03-13","2025-04-10","2022-09-04","2022-09-25"
46,"2025-03-13","2025-04-10","2021-04-26","2021-05-04"
49,"2021-09-25","2021-09-29","2021-05-23",NULL
50,"2021-10-26","2021-11-01","2021-05-30","2021-06-03"
52,"2024-02-08","2024-02-11","2021-12-05","2021-12-14"
56,"2025-04-03","2025-04-12","2021-04-14",NULL
56,"2023-01-10","2023-02-09","2021-04-14",NULL
56,"2023-05-23","2023-06-09","2023-01-10","2023-02-09"
56,"2023-05-23","2023-06-09","2021-04-14",NULL
56,"2024-01-10","2024-01-25","2023-05-23","2023-06-09"
56,"2024-01-10","2024-01-25","2023-01-10","2023-02-09"
56,"2024-01-10","2024-01-25","2021-04-14",NULL
58,"2025-08-29","2025-08-30","2025-06-03","2025-07-02"
58,"2025-08-29","2025-08-30","2021-11-02",NULL
58,"2025-08-29","2025-08-30","2021-03-25","2021-04-21"
59,"2023-01-04","2023-01-23","2021-01-08","2021-01-16"
59,"2021-01-08","2021-01-16","2021-01-12",NULL
59,"2023-01-04","2023-01-23","2021-01-12",NULL
59,"2023-01-04","2023-01-23","2022-07-17","2022-08-08"
59,"2022-07-17","2022-08-08","2021-01-12",NULL
59,"2022-07-17","2022-08-08","2021-01-08","2021-01-16"
62,"2025-12-06","2025-12-19","2022-04-20","2022-04-28"
62,"2021-06-21","2021-06-30","2021-02-28","2021-03-10"
62,"2022-04-20","2022-04-28","2021-02-28","2021-03-10"
62,"2025-12-06","2025-12-19","2021-02-28","2021-03-10"
62,"2025-12-06","2025-12-19","2025-10-15",NULL
67,"2024-10-06","2024-10-13","2024-02-17",NULL
67,"2024-12-27","2024-12-29","2024-08-14","2024-09-12"
67,"2024-12-27","2024-12-29","2024-02-17",NULL
67,"2024-10-06","2024-10-13","2024-08-14","2024-09-12"
67,"2024-12-27","2024-12-29","2022-02-23","2022-03-24"
67,"2024-12-27","2024-12-29","2024-10-06","2024-10-13"
74,"2023-05-16","2023-06-05","2021-10-09",NULL
74,"2023-05-16","2023-06-05","2023-05-18","2023-05-22"
74,"2023-05-16","2023-06-05","2021-02-02",NULL
74,"2023-05-16","2023-06-05","2021-10-28",NULL
74,"2023-05-18","2023-05-22","2021-02-02",NULL
74,"2023-05-18","2023-05-22","2021-10-28",NULL
76,"2023-09-19","2023-09-23","2023-08-13","2023-08-31"
77,"2023-03-12","2023-04-07","2022-03-02","2022-03-24"
78,"2024-02-22","2024-03-13","2021-08-23",NULL
81,"2023-10-13","2023-10-22","2022-06-18","2022-07-11"
82,"2022-05-28","2022-06-22","2021-08-01","2021-08-04"
85,"2025-10-02","2025-10-08","2021-04-24","2021-05-07"
85,"2022-09-05","2022-09-23","2021-04-24","2021-05-07"
85,"2025-10-02","2025-10-08","2022-09-05","2022-09-23"
87,"2025-08-16","2025-09-12","2023-05-27",NULL
88,"2024-05-20","2024-06-07","2022-04-16","2022-05-10"
88,"2024-05-20","2024-06-07","2022-01-14",NULL
89,"2022-01-19","2022-02-06","2021-04-15","2021-04-29"
91,"2023-03-11","2023-03-26","2022-08-05","2022-09-02"
91,"2023-12-06","2023-12-12","2022-08-05","2022-09-02"
91,"2024-04-16","2024-04-24","2022-08-05","2022-09-02"
91,"2024-04-16","2024-04-24","2023-12-06","2023-12-12"
92,"2024-05-15","2024-06-03","2022-09-02",NULL
92,"2024-05-15","2024-06-03","2022-12-01",NULL
96,"2024-01-06","2024-01-28","2023-12-18",NULL
104,"2023-11-11","2023-12-08","2023-05-10",NULL
104,"2025-12-15","2026-01-06","2023-05-10",NULL
104,"2024-02-23","2024-02-26","2023-05-10",NULL
104,"2024-02-23","2024-02-26","2023-11-11","2023-12-08"
108,"2024-12-15","2024-12-25","2022-01-24",NULL
108,"2024-12-15","2024-12-25","2024-03-05","2024-04-04"
108,"2024-12-15","2024-12-25","2021-02-16","2021-03-14"
108,"2024-03-05","2024-04-04","2023-11-09",NULL
108,"2024-01-10","2024-02-04","2021-02-16","2021-03-14"
108,"2024-01-10","2024-02-04","2022-01-24",NULL
108,"2024-12-15","2024-12-25","2023-11-09",NULL
108,"2024-01-10","2024-02-04","2023-11-09",NULL
109,"2023-03-02","2023-03-12","2022-05-23","2022-06-14"
109,"2022-09-23","2022-10-05","2022-05-23","2022-06-14"
109,"2023-03-02","2023-03-12","2022-09-23","2022-10-05"
109,"2023-03-02","2023-03-12","2022-03-12",NULL
110,"2024-07-08","2024-08-01","2023-09-10",NULL
110,"2024-07-08","2024-08-01","2024-03-27","2024-04-14"
110,"2024-07-08","2024-08-01","2022-02-18","2022-03-01"
110,"2024-03-27","2024-04-14","2023-09-10",NULL
113,"2023-08-06","2023-08-21","2023-07-25","2023-08-21"
113,"2023-08-02","2023-08-13","2023-08-06","2023-08-21"
113,"2025-07-22","2025-08-17","2023-07-25","2023-08-21"
113,"2023-08-02","2023-08-13","2023-07-25","2023-08-21"
113,"2025-07-22","2025-08-17","2023-08-06","2023-08-21"
114,"2024-06-04","2024-06-28","2022-03-03",NULL
114,"2023-09-18","2023-10-03","2022-03-03",NULL
118,"2024-11-25","2024-11-27","2022-09-28",NULL
119,"2025-03-05","2025-03-21","2021-10-06","2021-11-02"
119,"2025-03-05","2025-03-21","2022-02-11","2022-03-03"
119,"2025-03-05","2025-03-21","2021-03-09",NULL
119,"2025-03-05","2025-03-21","2023-04-28",NULL
119,"2022-02-11","2022-03-03","2021-10-06","2021-11-02"
121,"2025-08-18","2025-09-12","2021-03-12","2021-03-13"
121,"2025-08-18","2025-09-12","2022-09-18","2022-10-14"
121,"2022-09-18","2022-10-14","2021-03-12","2021-03-13"
125,"2024-03-25","2024-04-10","2023-07-22","2023-08-14"
125,"2025-10-14","2025-10-28","2024-03-25","2024-04-10"
125,"2025-10-14","2025-10-28","2023-07-22","2023-08-14"
125,"2025-10-14","2025-10-28","2022-02-21",NULL
125,"2025-12-08","2025-12-15","2024-03-25","2024-04-10"
125,"2025-12-08","2025-12-15","2023-07-22","2023-08-14"
125,"2025-12-08","2025-12-15","2022-02-21",NULL
126,"2023-11-21","2023-12-09","2023-04-07","2023-05-02"
126,"2023-11-21","2023-12-09","2022-03-05","2022-03-18"
126,"2023-03-13","2023-03-21","2022-03-05","2022-03-18"
126,"2023-04-07","2023-05-02","2023-03-13","2023-03-21"
126,"2023-11-21","2023-12-09","2023-03-13","2023-03-21"
126,"2023-04-07","2023-05-02","2022-03-05","2022-03-18"
126,"2025-05-23","2025-06-10","2022-03-05","2022-03-18"
133,"2025-02-21","2025-03-05","2024-12-14",NULL
133,"2025-02-21","2025-03-05","2024-11-29","2024-12-28"
133,"2025-02-21","2025-03-05","2024-09-01",NULL
133,"2025-02-09","2025-03-09","2024-11-29","2024-12-28"
133,"2025-02-09","2025-03-09","2024-12-14",NULL
133,"2025-02-21","2025-03-05","2025-02-09","2025-03-09"
133,"2025-12-20","2026-01-15","2024-11-29","2024-12-28"
133,"2025-12-20","2026-01-15","2024-12-14",NULL
133,"2025-12-20","2026-01-15","2025-02-09","2025-03-09"
137,"2024-08-30","2024-09-25","2023-09-09","2023-09-23"
142,"2025-07-24","2025-08-21","2021-03-17",NULL
142,"2025-07-24","2025-08-21","2024-05-09",NULL
146,"2022-07-28","2022-08-24","2022-07-21","2022-08-18"
146,"2023-01-24","2023-02-03","2022-07-21","2022-08-18"
148,"2024-09-16","2024-09-24","2023-06-07",NULL
148,"2024-09-16","2024-09-24","2021-03-31","2021-04-16"
148,"2025-06-12","2025-06-28","2021-03-31","2021-04-16"
149,"2021-09-16","2021-09-18","2021-06-28","2021-07-17"
149,"2024-07-21","2024-08-16","2021-09-16","2021-09-18"
149,"2023-10-03","2023-10-11","2023-04-29",NULL
149,"2024-07-21","2024-08-16","2023-04-29",NULL
149,"2024-07-21","2024-08-16","2023-10-03","2023-10-11"
149,"2024-07-21","2024-08-16","2021-06-28","2021-07-17"
150,"2025-05-23","2025-06-21","2023-03-16","2023-04-12"
151,"2025-11-25","2025-12-13","2025-10-01",NULL
151,"2025-11-25","2025-12-13","2022-09-28","2022-10-10"
152,"2023-10-04","2023-10-29","2021-12-26","2022-01-03"
152,"2023-10-04","2023-10-29","2022-05-21",NULL
155,"2022-07-28","2022-08-17","2021-11-03",NULL
155,"2024-11-09","2024-11-25","2021-11-03",NULL
155,"2022-04-10","2022-04-17","2021-08-13",NULL
155,"2022-04-10","2022-04-17","2021-11-03",NULL
158,"2024-10-15","2024-10-17","2023-05-08",NULL
160,"2025-07-01","2025-07-21","2021-09-26","2021-10-09"
160,"2025-07-01","2025-07-21","2025-04-20","2025-05-10"
160,"2025-07-01","2025-07-21","2023-06-14",NULL
161,"2024-09-13","2024-09-27","2022-09-19",NULL
163,"2024-05-19","2024-05-24","2021-03-27","2021-04-23"
163,"2024-04-30","2024-05-05","2021-03-27","2021-04-23"
163,"2024-09-28","2024-10-09","2021-03-27","2021-04-23"
163,"2023-02-25","2023-03-26","2021-03-27","2021-04-23"
163,"2024-04-30","2024-05-05","2023-02-25","2023-03-26"
167,"2025-04-16","2025-05-16","2023-04-13",NULL
170,"2022-06-08","2022-07-06","2021-04-18","2021-05-08"
170,"2025-04-29","2025-05-16","2022-06-30",NULL
170,"2025-04-29","2025-05-16","2022-06-08","2022-07-06"
170,"2025-04-29","2025-05-16","2021-04-18","2021-05-08"
170,"2022-06-08","2022-07-06","2022-06-30",NULL
173,"2025-04-05","2025-04-11","2023-04-25","2023-04-26"
173,"2025-04-05","2025-04-11","2024-01-01","2024-01-16"
173,"2024-01-01","2024-01-16","2023-04-25","2023-04-26"
173,"2025-04-05","2025-04-11","2022-08-11","2022-08-23"
175,"2023-01-15","2023-02-07","2022-06-27","2022-06-29"
175,"2023-10-23","2023-10-27","2022-06-27","2022-06-29"
177,"2025-10-26","2025-11-23","2021-07-17","2021-08-12"
179,"2025-09-01","2025-09-16","2022-01-28","2022-02-13"
179,"2023-08-22","2023-09-19","2022-06-26","2022-06-30"
179,"2023-08-22","2023-09-19","2022-01-28","2022-02-13"
179,"2022-08-31","2022-09-12","2022-06-26","2022-06-30"
179,"2022-08-31","2022-09-12","2022-01-28","2022-02-13"
179,"2022-06-26","2022-06-30","2022-01-28","2022-02-13"
179,"2022-08-31","2022-09-12","2022-05-23",NULL
179,"2022-12-12","2022-12-16","2022-08-31","2022-09-12"
179,"2022-12-12","2022-12-16","2022-06-26","2022-06-30"
179,"2022-12-12","2022-12-16","2022-01-28","2022-02-13"
179,"2022-12-12","2022-12-16","2022-05-23",NULL
179,"2024-07-25","2024-07-29","2022-01-28","2022-02-13"
179,"2024-07-25","2024-07-29","2022-05-23",NULL
179,"2024-07-25","2024-07-29","2022-12-12","2022-12-16"
179,"2024-07-25","2024-07-29","2022-08-31","2022-09-12"
179,"2024-07-25","2024-07-29","2023-08-22","2023-09-19"
179,"2024-07-25","2024-07-29","2022-06-26","2022-06-30"
179,"2025-09-01","2025-09-16","2022-06-26","2022-06-30"
181,"2023-08-27","2023-09-12","2022-08-04","2022-08-30"
182,"2024-03-30","2024-04-11","2021-05-13",NULL
182,"2024-03-30","2024-04-11","2023-02-23","2023-03-12"
185,"2025-03-31","2025-04-08","2024-04-01","2024-04-29"
186,"2024-12-05","2024-12-29","2023-01-20","2023-01-24"
187,"2021-09-28","2021-10-26","2021-02-23",NULL
188,"2025-10-02","2025-10-15","2022-12-27","2023-01-04"
188,"2025-10-02","2025-10-15","2025-07-21","2025-08-20"
189,"2022-08-22","2022-09-16","2021-05-12",NULL
191,"2025-12-20","2026-01-05","2021-11-20",NULL
194,"2024-06-26","2024-07-05","2022-05-27","2022-06-03"
196,"2025-07-13","2025-07-30","2021-10-14","2021-11-08"
198,"2024-09-13","2024-09-16","2023-01-04","2023-01-15"
198,"2024-09-13","2024-09-16","2023-09-20",NULL
198,"2024-09-13","2024-09-16","2024-05-24",NULL
198,"2023-01-04","2023-01-15","2021-02-16",NULL
198,"2024-09-13","2024-09-16","2021-02-16",NULL
198,"2025-08-09","2025-08-18","2024-01-18","2024-02-10"
198,"2024-09-13","2024-09-16","2024-01-18","2024-02-10"
